"term","statistic","df","p.value"
"curvature",30.2565390826868,5,1.31291128651244e-05
"scale",96.144179243923,1,1.06814455255885e-22
"curvature:scale",294.658306636132,5,1.4092000601611e-61
